temperature,humidity,gas,sound,light,binary_label,multi_label
38.94384918,73.81287803,709.5521723,40.34700671,343.694181,1,3
36.11226112,73.99634055,537.6877219,103.6225931,752.7067284,1,3
37.18327136,28.74839086,792.4971794,119.1738445,132.3797233,1,4
34.27820046,84.21542866,817.6030448,96.14649072,635.0445377,1,3
14.34008671,55.54103687,438.1839918,50.87462016,125.1648825,1,2
46.56477839,50.4380779,703.0837885,66.16232436,88.61290551,1,3
14.66778457,71.48169009,249.6017887,82.17737266,456.5909592,1,3
19.06495226,22.33794228,999.7820985,112.2996817,872.1273191,1,4
11.82850632,60.26589229,817.574623,85.50133905,29.56932793,1,4
21.49551992,46.72834392,307.5553602,91.97559823,853.4251393,1,2
12.56984748,60.8768108,535.387944,106.2424822,322.5860254,1,2
17.0824075,31.65192913,421.1332332,45.39894374,881.1524358,1,2
28.10521061,25.74246456,551.4377762,30.69979668,217.7176908,1,2
21.59049323,39.91188661,836.9624005,105.5371018,568.5873447,1,2
45.91871448,56.34308257,679.1075049,73.25423397,902.8237148,1,3
13.08204526,35.57727152,346.86517,94.13500588,965.6080668,1,3
46.89052943,56.05472472,747.5898517,104.1913471,947.9840785,1,4
28.46030633,60.44570424,535.6733574,61.00323729,624.8540569,0,0
30.99922702,49.21752404,642.6281907,79.25176729,387.993839,1,1
12.33373616,79.44905111,378.8705361,46.66015897,253.5245059,1,3
24.08555666,41.83432897,725.8750764,99.51914682,977.6448404,1,3
46.94530804,71.51037475,328.3410701,107.2273741,539.5255148,1,3
32.23844742,79.91709634,757.5172163,102.8136799,864.1305082,1,4
31.20181283,54.17313941,329.0256368,47.16195532,315.3198843,0,0
18.54151097,83.46133249,500.8027079,81.82649284,885.5446765,1,4
48.2283468,45.27618674,349.243919,52.87670102,412.0039765,1,1
10.06835628,36.43790865,873.0606735,111.4524653,431.9875558,1,3
48.78887922,24.25217328,877.1984555,47.09182224,180.7082848,1,4
39.92656318,78.28942097,459.0598141,31.87847552,916.5798608,1,3
18.05891797,83.78586416,901.1115354,95.27716062,57.91352993,1,4
14.56204986,87.33221353,502.5004318,84.31398856,853.7796636,1,4
25.92945815,65.56618203,608.8474403,111.8823696,763.9337218,1,2
34.82562424,63.76523222,740.3768701,109.8356014,614.294756,1,2
27.19402305,59.50599484,498.2766632,54.07314051,363.2003592,0,0
39.85829646,38.90258353,806.8591987,92.36470374,734.248255,1,3
14.06236016,74.35742393,380.4763748,51.8130058,227.8026703,1,3
34.50762213,38.47367301,948.2358234,114.0324961,333.5165389,1,2
37.38427298,40.74132343,986.93479,89.01989519,8.683650104,1,4
39.22991831,20.83548536,839.0237859,74.08474446,84.61974226,1,4
12.24938804,40.54983875,290.4108043,48.280281,808.8197446,1,2
39.27928068,36.41676672,399.7372345,97.20660764,9.04535507,1,3
31.3428587,48.09504851,296.6169405,115.2205941,342.5112366,1,1
44.47993106,64.17124569,731.6390979,92.78890015,679.6693466,1,3
22.66556499,73.97772801,628.6778688,118.2759972,195.1655619,1,4
42.8661736,69.8822712,738.3637311,103.5176236,381.9390878,1,3
31.6214396,24.15503335,723.3635201,75.96764988,93.06052604,1,3
47.42152211,79.88429224,658.5513345,91.30900375,232.8804724,1,4
44.46891979,64.74354959,756.3738866,77.50761251,878.3984954,1,3
49.87932395,63.39964804,576.3427145,84.05802211,656.5762942,1,2
22.83305146,41.61509792,530.7443238,62.02866507,521.1925088,0,0
26.85634011,25.03716955,441.1487628,62.44880088,585.624949,1,1
19.94975118,40.10369965,709.568927,43.00016343,216.7436845,1,3
49.4450777,76.01121981,617.3849298,83.53222832,843.6872404,1,4
16.34359228,59.98408171,382.0901994,64.58681055,882.3507821,1,2
43.87187236,44.10830639,909.7361957,93.25997514,10.01888864,1,4
19.47468858,46.85769028,267.343981,90.54116429,802.4601787,1,3
48.9218811,45.78521432,652.8759752,119.7916656,483.665823,1,3
14.43922387,57.97043302,333.8674485,57.44415389,654.7170528,1,1
48.44763524,82.34838195,796.999688,91.25331714,150.4535438,1,4
36.86763167,45.33676135,771.9680576,35.77736927,988.4502953,1,3
38.86836135,43.1604984,288.8166119,97.43259548,570.2617373,1,2
46.51531678,41.63630573,531.1515947,105.9184333,753.8290044,1,2
22.81305607,73.96796132,685.8732946,109.2772461,870.1409112,1,4
34.11085189,52.90883869,275.2108607,34.43041081,797.9423647,0,0
29.52910875,83.14371528,214.747136,35.00833544,894.4229052,1,2
17.61177052,30.33741202,684.1066333,95.85935905,981.0846098,1,4
18.69512138,71.9498957,326.9878608,56.22895968,892.3767219,1,3
46.43126366,60.25987012,861.4058447,113.0902546,514.2872718,1,3
13.84669801,85.17925708,391.2620673,85.57369168,324.7183928,1,3
17.67523407,37.7188585,231.6609391,81.7340116,214.6912284,1,3
34.07991817,81.48056565,530.7949604,46.20552855,996.8712036,1,2
11.84782024,84.02341558,667.7352054,57.67996457,672.6445342,1,3
24.72608355,85.65752741,205.0070592,87.20150065,782.7820581,1,2
29.95441708,88.51101614,669.47687,94.82627042,556.6719891,1,3
46.29274336,52.62965978,429.8695095,56.16886902,76.72376108,1,2
42.79005137,24.19884044,957.2522104,51.40259135,15.66048782,1,4
34.14854086,48.11194183,545.7855326,71.72514572,577.497935,0,0
22.57029893,82.18933892,945.4439213,88.02972178,222.8342823,1,4
24.168184,62.90737491,879.1763748,51.93659584,166.3987916,1,2
35.82322015,61.14967293,680.8872375,106.826077,301.5631384,1,3
27.19875671,88.09860786,330.5191131,117.6177388,325.2983749,1,2
18.29920331,26.65537476,503.3813286,59.4709092,482.0366334,1,2
11.85109972,35.8670216,423.7121215,87.44914245,599.6398148,1,2
32.85068554,88.99409179,672.0448164,33.38121138,374.4875368,1,2
47.32239436,36.50135304,764.4559534,82.65238106,316.8859524,1,3
21.38950849,34.55005333,758.5798513,74.26412835,91.73088386,1,2
45.41451711,28.64751087,802.0456583,53.04081306,36.63630937,1,4
11.90403404,37.79644007,779.4769881,71.48504577,59.32117858,1,3
40.99186596,48.23413083,373.9923504,53.76224685,474.0927366,1,1
35.39807569,64.06600145,435.8987669,56.27667016,153.3484541,1,2
19.14667495,83.56858925,993.8311588,101.4923579,740.2621849,1,4
30.79133962,77.25484948,352.2902681,93.36425386,418.9618923,1,2
17.46065739,21.54621182,260.6373631,83.21680568,697.8952615,1,3
49.39002671,72.98420141,950.0933812,80.19326178,97.40219755,1,4
18.5719746,23.40291831,759.4123878,84.82198449,735.0193099,1,4
37.58317728,31.97504264,270.9388702,31.32745804,766.5808209,1,1
13.74368299,67.43392512,790.2402325,105.7913093,113.3252159,1,4
16.66026214,57.19378228,597.1946816,76.2212252,206.1996136,1,2
44.27765352,35.0148964,789.5714062,66.34031689,910.6305204,1,3
42.36791404,84.29230733,862.5528104,109.5932082,810.4649019,1,4
46.86063414,39.0767017,445.8712959,82.31795869,147.0272978,1,3
30.59999558,54.02928448,745.5604471,81.96828936,177.8067485,1,3
44.47649367,34.83194434,804.9869865,71.24248968,438.3519658,1,2
35.46614919,36.40221881,938.2119186,41.29060707,174.9757598,1,3
39.15739854,79.2580068,963.3801844,93.32670313,82.20382012,1,4
42.23484691,21.32542179,988.653572,63.89084151,967.1973781,1,4
26.69800301,83.85985684,831.4207046,41.79897862,83.3873165,1,3
40.10635776,77.09332347,621.8725558,72.38675254,951.0134965,1,4
22.65749636,34.87470979,545.5063874,52.19554142,823.7871475,1,1
33.64550077,20.41876625,943.670979,67.60215202,371.6858322,1,2
28.87587921,58.1124233,278.0310834,48.57377293,975.3356878,1,1
34.27889257,89.21347695,683.5241041,82.29863666,49.87493585,1,4
41.54096216,67.17299615,488.0269676,103.4898184,410.6856362,1,2
38.34493297,74.15005474,329.7713953,68.33471001,379.0822333,1,2
33.52476948,32.7935267,568.2872765,92.45954443,663.4614717,1,1
43.65531289,29.08184984,764.2017867,97.95012461,949.1937638,1,4
26.03501626,44.58933633,703.0015071,45.28618653,135.185486,1,2
37.66459897,25.98919204,929.4727884,116.2560393,233.7067629,1,4
13.42855498,83.38547166,824.0430292,53.6305073,77.55336652,1,4
27.58838588,59.17234104,941.5606022,50.45526617,629.7889331,1,1
36.54582404,75.25692867,888.012505,73.35174521,857.9438431,1,4
42.53276424,62.41367842,950.4661189,74.78182428,702.9330795,1,2
41.00549247,74.10865975,927.0883344,80.97622773,205.396992,1,4
11.59879322,46.58716115,226.6855443,80.89332543,54.48512269,1,3
28.2863817,37.57616562,295.411933,31.87313258,46.88830656,1,1
23.35045191,63.83479921,535.2385023,61.0520203,461.5231827,0,0
42.48617395,89.88286292,986.7203827,118.4318883,382.6735871,1,4
11.73578942,81.67685748,303.1287172,104.5042203,753.1760545,1,3
26.98508472,52.29016728,765.7710439,90.73421699,144.9336818,1,3
35.0184034,41.10263311,646.2568872,53.29917965,241.4906445,1,3
20.93880547,44.84579609,746.8241431,45.61520646,194.5497234,1,2
19.85786303,65.64354624,848.6383506,119.6576413,395.7542295,1,3
27.54570915,66.96388761,235.8621396,42.28101603,57.47768683,1,1
33.6140655,38.86087473,670.8427896,117.5223461,351.9620846,1,2
49.87011987,83.90619976,217.130745,57.61062008,977.1629187,1,3
49.10484948,24.43658312,818.8752283,43.19502855,543.7998076,1,3
20.15228639,22.00121672,349.5779921,37.98541102,41.43510823,1,2
49.31405896,83.11303624,722.8168192,63.63009029,492.9082675,1,3
48.3127509,28.29680842,737.3583864,77.1300679,984.0751074,1,4
31.77732011,55.80243205,911.1411177,112.7638318,211.2853007,1,3
29.47898861,51.4773604,413.3934493,47.74807474,852.4050047,1,1
44.00421892,21.96825888,439.9988389,119.5096122,519.6552128,1,3
44.56983441,81.45668409,439.0027575,117.9206862,154.8709589,1,4
24.90948465,43.80791877,889.0920469,50.01525668,833.3966596,1,2
45.70604562,87.81148159,506.001651,98.72896936,825.4134848,1,4
34.81573222,31.51688433,485.8681494,98.98382324,872.9204748,1,2
49.44305978,88.23572139,347.46561,58.52334284,172.8434684,1,3
44.81673108,66.60560792,477.7291047,103.506217,370.5506775,1,2
19.34617568,39.05856869,398.5398119,98.75067347,283.5090067,1,3
14.8290528,34.43373768,958.4147321,39.44630376,527.0889683,1,2
13.71553198,38.8186267,772.7554353,119.6328631,702.7316077,1,3
12.67513816,82.39344079,673.6097143,55.6305619,949.8800861,1,4
27.14714601,55.01574668,681.3215524,113.1928702,225.5971398,1,3
38.27970355,36.5167969,366.4785066,115.630545,673.6880561,1,2
34.89891196,55.74141974,788.59422,70.36565742,549.3441591,1,1
16.32582805,30.83672599,369.0741423,80.3677245,731.8797566,1,2
22.52131443,55.15621227,694.7373451,41.00881302,796.9276944,1,1
32.76805048,49.60954075,736.4684636,95.92846509,505.9509763,1,2
11.17186634,85.55475144,564.9161102,61.90961435,774.1859394,1,2
43.00869159,52.20312195,315.8700204,30.55950197,260.8767625,1,2
34.9294153,31.39068663,976.9269079,70.36908443,228.1235666,1,2
12.0883825,33.41525329,717.1588384,105.3529781,23.87655813,1,4
10.58973145,73.87193243,900.890785,89.39537697,44.40778969,1,4
42.87032472,34.68466807,490.0114809,46.99555051,61.6410512,1,2
47.32196408,70.59489655,414.3995938,83.6880072,200.9415281,1,4
38.18381291,87.5716675,881.1705654,103.9313969,890.4939683,1,4
26.30252597,44.79038078,926.5165534,85.02298106,213.4031,1,3
12.57652531,49.11729551,987.2242762,56.74635598,597.3493394,1,2
30.35945415,77.25925727,209.1988635,100.961244,277.6670106,1,3
42.5607921,41.42619681,954.1283856,35.31953748,367.1212512,1,2
39.87379418,77.26913913,734.27279,91.28882578,825.7781945,1,4
41.97768678,32.77968639,682.3588909,81.23045707,138.6403928,1,4
48.86428962,61.99002395,246.5432448,114.3401224,634.0882816,1,2
45.70670272,31.16347491,293.0917603,115.8163972,861.8982082,1,3
28.1815141,30.1998494,613.6808083,68.79374531,504.4295038,1,1
14.79230232,89.85348378,591.4778483,36.05452521,920.0878112,1,3
24.98740761,79.37796486,862.9923886,117.4471531,278.5736654,1,4
29.89233634,72.80803435,394.5631594,59.6517892,955.3391345,1,2
48.80798292,85.14126914,221.8401082,30.43630502,149.6578682,1,3
23.39556205,39.84041126,440.6684902,57.09482894,166.1444994,1,1
41.58190825,81.84622324,677.0338682,100.4769677,115.3924275,1,4
38.15883816,52.94421002,666.6127444,94.16131853,816.8400547,1,4
39.2025107,87.07347528,213.7082446,69.57017716,91.00966596,1,3
47.58071931,88.16641833,305.976196,87.76092253,370.572925,1,3
46.52992039,24.81821497,869.5518256,88.08265447,466.8001747,1,4
15.83232032,74.83393723,950.9623302,108.2755101,513.6209151,1,4
17.35572087,73.79000658,456.7561088,85.55941816,415.3174427,1,3
20.54588945,64.54380171,622.4835261,106.9237728,451.5755119,1,2
24.26107722,32.32361767,459.3707084,118.5591001,639.1699585,1,1
40.99437768,68.11388235,269.8506167,78.93570683,675.7005388,1,1
30.42541153,53.91622205,947.7491777,58.647716,160.9118018,1,2
17.74836881,76.06319851,402.2021764,107.6231253,240.3924562,1,4
16.5234176,84.56670666,838.0634035,47.99527873,10.8486211,1,4
38.63529942,38.32834783,711.2019023,48.82192624,18.9977254,1,3
31.06548701,32.10219697,503.956363,49.7405932,39.90368928,1,1
32.14876375,66.73461771,615.5961369,41.36310271,681.4651283,1,1
21.51186385,56.79316361,555.6501587,78.96705049,992.3472579,1,1
20.38779329,77.94947124,760.3860811,33.76259155,963.3583826,1,3
11.5475453,25.77348371,434.9357468,42.7082919,635.4836619,1,2
16.02766695,84.02466871,276.6201188,36.74529585,75.69579425,1,3
23.32852555,48.41166273,495.7356674,101.1865375,534.777045,1,1
48.26996786,86.96216376,808.4079991,116.8653079,238.0677839,1,4
10.44432317,32.53331627,652.0913075,58.6740339,990.0559329,1,3
47.16117193,67.47705349,736.3421275,98.35760266,970.0095107,1,4
48.31502639,33.86750266,218.7554253,111.5931302,338.3358397,1,2
34.0999406,70.65849237,926.2566283,112.8010049,491.6155972,1,3
19.00038116,69.20164413,909.9272159,68.88876683,938.7035856,1,3
29.98513543,42.07836879,366.2881231,44.14070169,420.116443,0,0
16.52918629,66.4232771,607.9165687,37.57052865,737.7895272,1,2
10.57654586,68.90194166,436.731049,103.9525935,758.5577423,1,2
39.15799433,77.00981753,914.6322379,46.56687152,672.4377749,1,3
22.65710674,57.40764474,351.5104091,82.35701878,802.8619054,1,2
36.10552022,28.51647358,295.1995699,86.49117788,160.0609942,1,4
22.93812644,74.32474423,361.6278092,57.05311443,815.9038538,1,2
17.21593101,80.80805388,709.3059753,90.78485683,417.2723461,1,4
45.83356171,70.22123224,615.6983135,75.06794652,35.48742658,1,4
42.09462685,57.49387603,585.4468046,84.54007474,562.8960799,1,2
10.96329201,72.16276836,972.1609398,104.2164206,22.07231658,1,4
15.1058872,64.01494223,608.608455,47.41652448,230.8090987,1,3
39.95824277,76.61983602,336.394537,35.14463996,414.0898923,1,2
30.2085034,39.11294472,367.2642473,98.51949725,551.8035183,1,1
43.08834166,34.02178542,459.3614788,36.56405743,450.3540074,1,1
34.56431137,72.27465259,305.9946123,93.07326487,521.7059755,1,2
20.4820344,76.16116268,869.4733712,46.04293874,428.3660558,1,2
24.65836031,81.72905467,200.6317161,85.80553323,695.0112774,1,2
36.50670108,22.29459255,375.020729,72.52147007,266.5807263,1,3
44.69195713,77.37042389,909.924848,114.3329806,128.0860906,1,4
35.86693809,22.40240992,463.0562523,98.86079456,467.4525446,1,3
35.4978039,52.33587661,977.7361136,87.43132537,345.0503361,1,3
25.60435973,39.22450249,781.2179921,78.9159684,815.5063478,1,2
31.26903665,49.91625601,591.7580552,48.27565809,278.0364536,1,1
23.59294974,59.55294329,793.8111762,113.7916799,724.8251381,1,2
48.5030975,45.62039217,370.1161505,83.5831924,547.6429661,1,2
47.76805715,61.09258699,708.4954864,101.7549065,973.4541884,1,4
45.86495169,45.24847729,731.2260258,30.36635301,183.2598052,1,3
38.57956421,38.60718236,924.5598697,60.40353169,217.8439913,1,3
44.1289544,54.67909222,399.6688063,91.61976998,200.7367103,1,3
32.99244701,28.29462866,710.1743686,37.11070992,927.1812873,1,3
38.83293958,66.2016657,375.6484466,82.69271986,836.6210162,1,3
10.9833013,43.09491703,611.9608904,65.37883244,952.0913444,1,3
36.29616533,58.51202461,695.3417721,36.13263161,241.6333565,1,3
33.96974402,58.6811173,480.6978311,59.4151178,123.2909821,1,1
45.00282583,47.03996634,306.781286,45.80403229,855.2190248,1,2
28.18804212,21.99010919,571.3711221,112.2273903,403.4165932,1,2
28.56039696,29.30179577,931.260598,63.24407254,291.0041434,1,3
37.61233861,28.15078905,864.5311013,89.59548428,388.0153588,1,4
35.73377709,43.91223776,710.2965986,117.9305945,177.8291192,1,4
36.380714,44.04434193,706.2828802,30.52992239,643.976993,1,2
23.67945845,53.82877624,286.1815407,53.06060338,957.0497021,1,1
15.49531474,47.28402403,811.9816509,36.87577037,175.3948384,1,3
32.24620568,45.16456403,800.5642441,93.19098867,22.87406008,1,3
41.88756645,83.94554093,214.7210786,79.31576916,579.4876364,1,2
41.26379312,89.711721,932.6031195,118.0234711,463.2668146,1,4
40.04617498,82.91690859,916.2415326,98.35270815,21.98060706,1,4
21.83723465,56.83000324,980.1829945,114.6527852,353.4146423,1,2
15.40316347,70.09265024,225.7464236,97.02207698,929.0149337,1,4
46.27405401,54.89859619,856.0344347,67.30396427,981.1663727,1,3
36.79359727,69.99868438,483.948024,109.3336239,552.5583199,1,2
27.78750311,48.36536941,853.2965787,97.01229021,20.44286263,1,3
10.40886034,31.42347417,622.3625761,68.658282,944.9932031,1,3
41.81012014,81.49692201,324.3491634,54.46854724,248.9595139,1,3
16.16758162,35.44373455,969.3089307,40.56784158,728.0576534,1,2
39.31313845,78.23217109,953.6139049,37.25991623,138.0829784,1,4
36.77271674,78.87542395,300.8859476,54.67929637,636.2099454,1,2
17.68904105,52.69293505,651.382836,110.1537159,358.0463421,1,3
32.16499763,80.82644004,228.238522,104.4806389,893.4466995,1,3
28.98873064,24.45570735,656.9911968,48.44126101,119.1051089,1,3
41.2941216,56.8147927,495.6059046,91.53790858,42.63256718,1,3
27.47119803,28.84887397,856.4625258,45.60582765,433.1668858,1,2
34.21823875,41.04369713,877.271874,64.74191252,605.8890267,1,1
40.61137458,88.83201456,837.545948,51.19990024,796.2642773,1,3
12.2644826,56.91091331,532.9732519,50.60153025,247.3128845,1,2
42.26709557,59.29006759,964.1048408,45.24735671,702.1349828,1,2
42.38271199,82.43830639,320.3122483,97.6225988,66.45544798,1,4
30.29583418,51.07249467,273.3930635,115.3056722,141.130499,1,2
42.61099328,81.98774497,355.3421872,93.52502628,215.2044358,1,4
38.33877917,72.71378119,468.3922014,30.14700025,729.1735241,1,2
43.26041934,59.25274291,265.0002748,86.7109895,5.0444453,1,3
49.81997395,64.02951883,777.4169324,86.7027251,342.4244678,1,3
39.86742494,45.67593188,274.1301343,41.85560701,239.0876383,1,2
28.40940918,40.37489388,520.980269,58.37038395,124.6534564,1,1
10.03086531,54.92288602,680.1002515,53.4993067,975.532026,1,3
34.90005942,68.63027279,970.6322285,85.80810816,222.1666142,1,3
16.28402489,52.13882264,608.0386627,30.00370917,455.6799946,1,2
15.55589698,21.80253097,430.9475525,92.26346333,342.6787376,1,3
49.67603005,70.8795201,618.7319103,43.96917906,704.2022671,1,3
33.67722326,45.32732631,606.9815977,70.07942102,399.0997804,1,1
16.39787927,39.1901259,922.1362776,86.22974283,944.6044406,1,4
37.12742411,27.51467567,577.231365,80.87649875,150.848279,1,4
43.40730838,74.90732253,313.0007866,102.2600254,503.8379274,1,3
25.62137272,41.61880559,907.4661515,113.11392,618.4707674,1,2
49.23367259,59.67426758,338.36743,92.61693933,360.4485036,1,2
17.75321592,76.95499434,520.4760338,106.5951954,732.2437376,1,3
15.51727086,49.1328173,542.8664357,34.20355287,773.2486107,1,1
10.91967563,51.05348445,486.2237314,96.89639096,826.0189666,1,3
21.05094302,43.69553152,986.3651894,76.56706963,863.4896717,1,2
21.94995828,31.32484437,947.3381549,108.3685914,657.8220473,1,2
30.49549366,69.9720566,390.963172,79.08917632,692.9340958,0,0
38.23117056,89.4382618,779.0670271,37.89343317,790.32536,1,3
38.17344975,64.59435329,839.0436595,78.97686078,19.59004356,1,3
21.64183778,28.45287358,665.6976316,33.92689747,962.7472822,1,3
20.65832569,81.85966651,728.0298387,52.74050273,953.0364218,1,3
30.79702985,24.98121307,432.2270826,75.94000135,42.77289148,1,2
16.76646194,70.9486236,658.6454883,116.2249323,180.8306006,1,4
45.98476349,40.63637276,793.335527,79.88966035,687.7637111,1,2
28.79964409,82.24642852,589.7682756,74.88899504,987.1787757,1,2
46.31054061,82.95934222,721.8460005,58.10494399,890.158663,1,4
37.71777073,43.86255503,392.7956235,112.8607258,768.6035392,1,2
30.27479256,89.90793657,298.7244783,96.35149697,425.3389138,1,2
20.55346487,83.30441909,881.449301,112.1519463,158.5097083,1,4
30.10332513,35.92955008,309.2654747,50.89564262,550.4518093,0,0
40.69059101,65.16782997,744.0786762,53.47961846,144.5667299,1,3
40.88954298,39.20152671,480.5150641,71.0763453,374.7150902,1,1
24.80076491,23.83152001,401.9772306,92.16236523,38.75910622,1,3
40.68043514,68.76708985,844.8056961,96.03091495,163.6620905,1,4
16.16416645,72.54019296,651.5849061,57.69889489,789.6936626,1,3
18.8756121,43.4580145,699.4495789,94.91531348,356.0785887,1,3
23.48810093,28.06007031,872.4920575,66.29719476,127.6932885,1,3
26.11430817,59.89570789,435.8501556,55.39102132,718.8829478,0,0
31.90869582,31.68765211,366.7949302,98.39429771,648.196211,1,1
20.19587594,83.41763693,790.5579085,110.7788196,681.6481038,1,3
36.80846652,67.30589756,954.8276631,73.48041508,202.0977627,1,3
42.6368967,89.74603274,799.1609321,75.23114681,1.395131222,1,4
33.54218998,46.77547832,404.2933191,90.65510568,236.5866189,1,2
15.79861176,34.59192327,883.9492844,77.04756551,702.3237371,1,2
36.89448239,49.43629409,902.5052575,93.27231163,142.7657827,1,4
49.59352699,24.15026856,920.05728,87.67674124,256.9004538,1,4
25.47220279,23.78264543,605.8934856,87.90302814,186.608108,1,4
35.41301893,74.37007839,659.9861696,73.90546982,822.4750696,1,4
38.35459123,86.9023682,983.7980472,69.19386628,759.9216823,1,3
11.77736912,45.16378356,724.9840232,85.48513439,615.8771161,1,3
15.28816428,31.8289746,578.5696017,92.71926443,356.0766373,1,2
46.76667111,65.86733281,770.9470252,57.05293773,314.5458967,1,2
12.53322182,36.54869299,877.4167037,86.84914963,406.993143,1,3
12.82289461,79.05490233,709.2678802,43.15091233,192.0669083,1,4
28.54847714,21.36630605,278.7138965,56.46668075,240.9196429,1,2
28.69868163,24.17272267,606.9803004,34.76161173,864.9071385,1,3
31.7920751,65.45261092,907.5410316,106.0417342,619.6147346,1,2
48.17884998,22.84160846,828.2531917,60.19861617,980.808959,1,4
33.18077041,72.65925608,927.0030631,97.58022983,886.7737176,1,4
47.4561386,43.75941938,771.1994792,60.52072919,514.0500606,1,2
34.08831758,67.90801362,805.6589452,112.8398616,782.1108604,1,2
46.49114792,41.46802928,849.8774137,67.65494814,149.1660547,1,3
37.45923729,82.37473693,307.2732082,36.15662945,415.6940178,1,2
32.83379029,30.03906356,885.9410924,91.93503962,817.4192741,1,3
39.1753683,23.35705871,714.7669172,99.45464756,553.4493525,1,4
17.32527044,47.6195499,891.8600909,72.1021172,685.3451535,1,2
12.44297147,59.4192484,757.64133,113.1979423,851.9906238,1,4
25.69793047,40.46140661,528.4812286,115.1143895,415.4679965,1,1
44.05683307,75.17181345,600.7841694,40.11239061,458.4644945,1,3
46.67828764,25.95181302,868.3983417,84.6917197,527.908084,1,4
35.47054199,64.00532084,780.0602674,52.22981615,697.9164014,1,2
19.68524545,23.79848281,993.2381125,72.92389704,787.1167133,1,3
33.48853175,33.21539643,953.0446442,106.6951934,257.1211486,1,3
20.06761306,72.07699114,266.6651875,63.11118588,148.6127539,1,2
21.15533051,52.71206535,724.630869,92.96921057,903.1377195,1,3
16.80435297,20.73889924,551.8071559,30.32540293,555.7149351,1,2
14.32632319,67.9094613,530.3541911,79.90262336,951.2342528,1,2
46.81331732,45.43805678,307.4817354,30.82963987,87.38905505,1,2
20.81073265,61.20713535,247.9664404,45.57784803,849.5620407,1,1
44.80724979,29.25608908,975.9452168,96.15482611,988.2482397,1,4
33.53290078,40.85576136,613.8137775,42.03280314,586.7365712,1,1
42.95813406,58.47077497,561.6758793,77.86987402,3.651870938,1,2
14.1218031,70.05598262,416.108004,45.98678408,666.1000249,1,2
35.87313969,48.3049402,604.5820041,101.5043792,89.16355455,1,4
46.68426918,76.19776415,406.2575762,116.4323236,704.0905413,1,3
30.33937965,37.67772951,550.5261773,63.45164492,985.1856705,1,1
48.23848957,87.84321977,290.3301692,72.64808103,288.1880037,1,3
19.69208605,86.15496957,373.3562887,96.56776944,764.9523512,1,3
39.73460695,82.36549991,498.583882,57.08097669,392.3071537,1,2
10.39233631,21.81970113,298.3828293,60.95889525,411.6112435,1,2
29.39260561,35.27212286,983.6141368,101.7727402,228.1458966,1,3
41.49430551,58.4716398,544.7372211,53.0202341,73.45743786,1,2
47.59294538,49.10647693,382.0526485,33.95573914,821.4693497,1,2
31.6611382,34.07531936,287.8673131,104.9183813,35.62944814,1,2
15.19043301,42.68435924,979.9711058,92.32933146,588.1152077,1,3
47.47700909,30.99858625,516.5588552,76.31125035,569.5314067,1,1
36.1135042,63.68691913,366.4202011,68.90986804,678.4229734,1,1
13.43622142,75.76780365,567.5921002,82.81817793,183.5328978,1,4
27.47321451,76.64916371,384.9016672,81.00925251,823.1235951,1,3
21.34990978,52.96310917,878.2506628,31.83519547,431.9539902,1,1
36.335869,57.40858588,435.436367,47.60537868,543.931425,1,1
44.39541585,34.45340562,394.0420637,43.42733244,407.3576952,1,1
49.05507588,55.24375379,637.2016086,86.37881764,96.28637206,1,4
12.69512907,22.3389544,956.617247,94.37234535,937.1877255,1,4
20.87466929,40.53657545,789.0796922,104.5687717,13.43420301,1,3
16.20323857,30.34039363,983.0608984,101.613697,456.0749043,1,3
21.55868946,75.18852749,527.4388328,78.53266493,410.2192188,1,1
13.80970401,51.03678632,981.7200115,66.42924106,284.5047175,1,3
41.87840927,21.08872507,510.1632804,73.26818847,924.9873929,1,3
28.14022342,55.59953846,521.9453965,34.96150449,201.3473531,1,1
38.40570418,24.87616891,212.9457146,79.00074105,359.060878,1,2
14.74445435,33.86445719,848.9661245,108.0011091,217.1113363,1,4
39.512112,72.05818787,746.2830558,38.14383786,844.7562409,1,4
31.73911291,52.59310955,500.9066444,86.24689661,806.9596583,1,2
21.04861912,46.14326038,856.1976992,38.67462432,266.0663372,1,2
20.9800044,84.27221801,536.1613646,31.88336085,57.23515145,1,2
40.35541455,20.18319379,714.0796689,37.70162182,936.1089077,1,4
43.25709086,50.97816153,658.4537655,71.49672299,86.74818823,1,3
48.80354567,42.64249045,977.3072182,112.8202958,115.3900497,1,4
28.07798051,20.7571677,539.0530218,87.62732734,509.8924869,1,2
16.66177625,71.38062963,676.91796,87.04676449,922.159196,1,4
44.04596477,36.51805411,995.1274914,64.35163022,265.0518398,1,3
31.71604726,35.09219893,265.5319465,68.88841988,75.21482763,1,1
43.10973227,21.33139163,691.333539,55.2633387,692.3816082,1,3
38.54813123,71.17904766,408.9338745,51.04311848,656.673934,1,2
19.06805717,49.82785395,219.03598,59.29400881,120.621361,1,2
36.22939219,59.59126743,628.1212537,72.17997869,740.7353028,1,2
19.41444874,41.32351964,635.0242463,88.24065972,234.8174101,1,4
17.02321257,57.61747221,547.3325057,51.79943804,211.2860752,1,2
44.63787584,38.09588219,678.5028376,95.65785744,277.6288141,1,4
47.63658696,52.99021299,571.174977,83.7483075,635.6326482,1,2
49.01990771,49.06390141,608.1072939,61.65084381,356.6357751,1,2
13.47882209,27.07340261,765.0633669,87.45852691,963.4042432,1,4
28.82564256,34.0413743,942.2563114,112.1954427,603.3753033,1,2
41.86465622,67.16611061,304.8741122,118.9052711,783.2086468,1,2
40.40300803,29.7107524,788.2040997,36.01746974,252.077127,1,4
29.13496913,46.30319813,978.9379307,43.39492054,334.3324658,1,1
20.43532601,52.73434836,662.2256751,116.096096,525.7223051,1,2
29.7472391,64.79263996,479.6437056,47.75435476,351.9365726,0,0
32.43200177,89.62097533,490.0675007,93.16656897,372.1432599,1,2
24.96040488,77.19886889,308.1461929,90.74189705,102.2917991,1,3
49.23659579,75.36611149,729.2131809,101.0407252,256.8017352,1,4
35.46309256,88.24015762,373.0779695,73.69682729,151.6968631,1,3
23.58792069,47.7818188,351.5539837,119.4797755,899.3058619,1,2
18.48825514,43.67810419,438.7989722,86.40421344,63.63958245,1,3
25.34349496,27.98101446,252.3814824,87.97625228,738.4741459,1,2
19.19529773,38.16357614,463.8766832,97.55687763,801.8485294,1,3
45.71873194,38.15160803,339.8876535,61.57553488,437.4746342,1,1
14.27704249,28.3962418,387.6431023,40.89831549,632.8061924,1,2
41.95773812,42.54908076,464.1823546,52.17811174,813.4373913,1,2
31.93858092,26.1351605,497.4684502,58.98112712,716.7314389,1,1
29.48102025,46.00727298,993.0417378,71.71219682,10.11345987,1,2
39.68998594,37.08070539,256.4458829,41.31102602,150.9345509,1,2
15.02369384,68.71290096,882.5903626,88.25551796,255.0901608,1,4
16.56242398,39.36561398,525.2827742,37.94336703,43.71999822,1,2
34.13440055,64.73591211,493.4644471,59.58226565,632.5432727,0,0
44.14996063,23.32896969,352.0067815,108.0258709,901.7195558,1,4
38.32215944,55.81256087,223.6846338,31.45374312,608.8516918,1,1
48.82452498,59.31626391,519.7389313,113.8060103,801.3482664,1,3
14.52814001,76.57409788,607.5126657,61.17901573,64.43410699,1,4
31.32963596,53.35514021,947.1602206,119.763406,666.8617912,1,2
28.2888364,39.73984872,720.4137686,92.70956171,322.9994046,1,2
19.43472914,35.8321662,625.8736762,31.65355332,91.82336217,1,3
16.6448265,44.79732267,981.2589321,53.41940913,689.3161447,1,2
21.25929658,78.23682884,550.3764175,91.61945109,345.6888717,1,2
12.7309153,87.59639013,686.0263546,36.71540449,274.8019563,1,4
45.65265392,27.48092885,514.4814909,64.36177942,687.8423838,1,2
13.43077578,49.32835707,946.0328143,53.84755988,587.0166238,1,2
28.76022522,55.90337259,946.9876048,68.80027362,994.5038862,1,2
27.03320878,62.69950107,306.5407041,35.66595485,657.0271757,0,0
23.79952282,34.63982185,959.5908018,45.26312664,632.6033594,1,1
31.26713189,82.29800627,642.0566857,79.27930271,963.57497,1,3
20.50897561,87.65955318,736.9360148,85.59356801,710.8923393,1,3
24.56448323,79.25878203,545.3302984,84.16786191,653.9680507,1,2
46.28229492,37.18750923,378.3691191,112.3201185,594.2363055,1,2
23.37050199,51.53237929,858.5336947,52.09485557,290.4969715,1,2
38.91838047,89.25092591,378.5343688,40.6767314,610.8633671,1,2
27.35913525,69.47216158,233.0411313,118.0624349,622.6894615,1,1
42.82219129,68.73642569,807.381684,55.87905696,621.7099946,1,2
34.33773725,59.39638185,904.7171626,51.30920316,99.87558379,1,2
11.67519066,54.24639384,714.0404188,54.86945656,140.8992727,1,3
43.12964583,79.99588675,660.5742339,108.2774078,168.5396071,1,4
32.60076161,34.59406104,953.4602731,87.05071076,906.0508401,1,3
21.71007858,68.99543296,716.2546714,53.66269547,766.2728613,1,1
46.58940699,59.20888946,656.6356733,36.07292779,21.500645,1,3
10.37023431,55.67473215,377.8223282,49.68350802,413.0446214,1,1
47.56349272,29.56176191,598.3652418,36.39325288,322.4402129,1,2
33.15007256,49.50749738,534.1175684,96.75324726,337.0634933,1,1
41.31379588,67.15858927,326.3533305,94.93568774,135.1721269,1,3
32.15918257,69.98631976,444.4063792,42.35116351,63.54138062,1,1
44.33316251,52.07039733,560.2493571,40.39000027,126.0064629,1,2
32.26643283,37.04677115,595.1779679,118.6945451,217.7601419,1,2
20.31924301,48.23046018,987.7646948,84.79229531,841.7337465,1,3
26.51375381,21.20528336,976.4387942,87.16210563,903.0912581,1,4
15.39442952,62.75670714,992.2997451,70.60439666,375.5922475,1,2
20.94352712,20.70256788,945.3254053,56.04621397,389.4672986,1,2
35.65623168,87.49118953,885.4962263,61.49343916,45.42759072,1,4
19.1252383,74.30941207,250.0522976,50.72546798,540.3179836,1,2
42.34747315,55.12124477,521.6764154,46.62176402,458.3550095,1,1
24.7745218,39.37400452,850.655363,102.6188764,971.7733712,1,3
34.6778938,80.38465525,999.0773741,46.04133646,253.0893442,1,3
42.24692166,73.16896776,769.4007987,94.78133,459.5896535,1,4
41.70620879,24.85573619,246.8710155,31.28594121,285.5465174,1,3
44.18865133,32.35885172,337.3883919,81.82658696,299.1367143,1,3
40.88702558,89.16979466,882.1852866,33.05580027,68.48743311,1,4
46.31535972,73.59393965,839.4180186,90.07954357,376.7450944,1,4
44.59789726,46.61191834,730.2486824,115.6189837,99.06436623,1,4
36.60324592,74.64822724,704.9356619,60.67091422,266.3842729,1,4
36.07625556,52.25603224,867.4884974,100.1312981,45.49867059,1,4
33.4462869,36.57331437,611.6335048,50.60304994,728.1577751,1,1
13.07660872,44.15886813,291.9528431,59.31522616,237.381539,1,2
42.15305429,22.47108042,333.7866726,43.87554882,566.1190592,1,2
40.4528852,40.74298893,202.5074475,37.45423165,978.2360937,1,2
48.4922024,50.78569702,518.6546637,36.34005385,880.5614276,1,2
32.81596544,75.81614419,390.0246754,111.5972874,241.6543741,1,3
37.97908468,33.74738521,572.1323969,88.58420965,140.4301913,1,3
33.76072999,68.15482586,213.850292,80.8485175,328.6724638,1,1
41.83066231,74.29975479,749.7200018,47.99203903,392.6874622,1,3
26.68901117,32.663512,531.3322105,54.95206174,670.467421,0,0
41.97493514,24.66510811,701.3162241,32.47638795,441.6867546,1,3
35.34008549,73.8782477,536.3699762,45.81086137,483.0435583,1,2
24.06930153,63.99909754,535.7289852,55.05759753,60.38640104,1,1
11.49702147,73.33835985,368.2015631,102.8824423,365.16006,1,3
20.1780242,33.37648264,773.1603955,87.05960392,110.7542026,1,3
15.65349804,31.3800519,725.4628212,57.86701114,413.0080588,1,2
32.3108614,73.63366967,477.1686476,40.13534969,860.3319548,1,2
42.6987647,56.21198918,422.4479474,118.7599788,990.7511242,1,3
27.26571664,57.62702629,356.4215251,41.97767499,443.7049776,0,0
40.85021815,45.73561594,291.6857094,98.84958431,395.5999848,1,2
19.19298218,56.86892926,612.3557573,35.73576493,175.1846546,1,3
26.03549079,76.80481206,256.4257894,70.68347681,282.2642663,1,2
45.74945614,41.27679129,620.255147,33.03715253,829.3355789,1,3
30.48228546,61.31548316,606.0285821,34.92313381,569.2022377,1,1
32.68339935,68.10229025,555.6839325,81.99549716,800.8767696,1,2
41.59445709,81.66211078,769.7605516,93.6738738,350.9179728,1,4
21.81714162,50.66153832,604.1968854,76.58758587,668.0115651,1,1
24.19140923,75.49050883,929.0230045,110.1231325,768.5089565,1,3
31.3645336,37.43986611,510.1443914,108.839052,147.2342788,1,2
14.29686679,69.73087172,855.8367978,98.08231838,426.9053498,1,3
16.16040114,80.40499841,972.2140336,54.66770999,189.2102208,1,4
40.72148606,76.72167319,897.0985139,52.70067177,636.8358999,1,3
22.97491297,31.00118113,248.2149399,58.5768277,473.313277,0,0
29.43916419,61.73533666,655.1217291,78.04669891,278.6441564,1,2
35.13288475,85.93224929,839.2610823,36.89336378,78.34169485,1,4
12.00911165,62.34387507,732.1112097,61.22396734,456.7177261,1,2
25.48949138,78.8611237,590.1830883,37.12993195,570.4894825,1,1
36.89293378,31.92810988,931.1067261,43.95953587,37.74528113,1,3
28.77475182,20.03348058,409.0153805,76.54974466,982.497257,1,2
14.29986282,66.56725781,265.4288116,89.22659704,519.8307682,1,2
48.63645752,22.34022406,682.9093205,68.09646484,418.9720123,1,3
13.3087957,27.40292383,964.0208051,55.78233435,109.3140017,1,4
19.2554763,44.03085414,640.1978918,45.30530299,235.2618983,1,3
49.12769096,66.39974807,882.2005192,104.7257405,559.4891327,1,3
37.35146804,82.41213578,473.2429868,101.5247728,31.68284786,1,4
10.25101707,25.77609732,439.4716561,100.9292761,921.7699815,1,4
38.64969975,45.0492546,543.9796936,61.21918506,537.3257484,1,1
20.87545313,35.73402519,258.6193461,88.63762076,263.2390376,1,2
13.28548979,59.68567328,285.378107,84.58854842,298.4278908,1,3
33.93331523,32.44002346,576.6887528,114.7983528,859.960809,1,2
46.636242,61.06835215,249.9751006,87.18210519,143.9643019,1,3
33.52124484,78.42784132,532.5609489,112.0424231,375.3804536,1,2
17.99976336,31.69544972,317.3937872,72.16898767,272.8884969,1,2
26.79988561,85.12676052,439.7474722,90.7894108,110.2033266,1,3
21.290962,55.86602251,596.166279,70.87222967,574.7898499,0,0
10.6236855,76.24828652,485.2824965,62.46744614,138.493006,1,3
11.37476397,72.22100709,588.3197597,90.1272525,60.65631752,1,4
33.31312552,44.32775152,338.4542349,100.7108159,65.88999863,1,2
44.99660619,47.83044976,607.5994647,108.5909312,870.4216037,1,4
44.26482028,30.71212207,554.757627,46.81726512,696.4395658,1,1
47.83623477,81.00732307,736.1367292,86.44197409,249.2289312,1,4
13.31252965,81.44336153,326.6973052,66.38146669,242.7325354,1,3
43.24533014,20.79564784,859.8902403,46.09780618,555.2088287,1,3
41.80378036,79.50509198,489.6722153,119.3548827,833.0925354,1,4
27.801362,50.16887637,811.4920177,103.8275368,493.0399652,1,2
36.38466561,68.26648688,605.0846029,47.23141103,848.915406,1,3
43.12036564,75.65577539,261.461687,69.68892809,372.6596414,1,2
42.20579656,51.86317592,353.3687466,51.4764018,431.2351342,1,1
15.07821779,77.9951392,241.410628,51.41610553,646.6461597,1,2
16.62324025,88.02572315,363.4623076,108.9647886,997.5640505,1,4
38.30875206,25.25331017,710.5303024,57.21908195,321.1173604,1,3
19.72787509,66.27463266,598.7276545,48.05755319,273.4798189,1,2
30.11461322,83.72380762,623.1943204,53.3494998,261.1412367,1,3
42.49978428,46.22558764,780.4708038,63.11571196,13.80412851,1,3
32.5047856,62.11036438,484.6339111,59.99985594,971.5494617,1,1
26.1474618,74.23256723,318.954996,35.71808646,80.29906458,1,2
19.65697449,78.26706832,558.8046302,63.75830935,825.4154591,1,3
10.21073635,69.33576137,549.2365937,56.3327637,216.2597608,1,2
26.87537643,26.95619189,998.5224539,55.22501216,528.5760781,1,2
31.17979877,25.58709704,771.1071146,97.62665859,724.7009212,1,3
12.20380575,48.27923166,373.5411275,45.17669862,714.2545474,1,1
25.84946699,28.2509486,871.4004806,73.07901017,346.9342486,1,2
31.57603261,47.57656164,796.3822194,105.9638972,343.585957,1,2
43.63962716,66.20293033,543.9984635,107.2323782,134.5863499,1,3
11.69066695,47.79283975,679.0509943,49.60508528,320.7298126,1,2
32.85409569,61.02359104,717.1786133,62.72487887,81.80119196,1,2
17.58460974,43.78729644,245.9975691,80.82910531,762.9504973,1,2
37.90002284,82.002183,795.7559569,73.2525915,928.6244575,1,4
23.18486229,32.74258357,940.9606497,70.24621017,925.1281218,1,2
40.67007319,34.07025241,653.2132703,108.5206187,222.2391643,1,4
48.81979598,49.08553783,485.2436248,46.66801307,556.8335417,1,1
43.94412305,85.57716668,988.5797829,76.67496895,137.2250182,1,4
36.27361617,43.74550219,395.6095182,96.41750167,200.5072086,1,3
11.1449449,72.78814189,652.5907248,104.534031,546.7306736,1,4
25.29992457,25.33962378,638.8747799,98.48240998,572.4356659,1,3
45.20897756,88.0287731,353.2589627,56.38247045,30.39259781,1,3
17.3594678,37.13420021,567.5494558,108.7684235,44.95543003,1,3
23.28599797,45.65613395,954.4106026,93.36211598,280.0333512,1,3
33.32512797,37.43082067,714.2700135,30.10760362,584.1739237,1,1
34.30182877,74.14513016,257.3486993,67.54542752,173.0920014,1,2
32.95370427,81.10822533,399.6774261,42.48290969,183.5861184,1,2
23.99180394,64.58702092,587.5427655,40.92117863,376.3782102,0,0
15.84208118,41.18423551,371.4198648,86.86127127,541.2302867,1,2
46.38207767,86.12758677,230.7512538,90.55190378,489.7036421,1,3
20.33149388,47.98851299,962.8739952,119.143762,150.9550125,1,3
47.98263562,40.92990715,935.5055326,35.74220739,439.1881829,1,2
18.31194701,37.28301435,721.799757,73.63389284,714.2562334,1,2
29.71413603,78.50041218,569.6006758,117.34752,928.9172073,1,3
41.61716982,75.86999783,266.1485989,55.55181837,281.6227873,1,3
38.0865035,48.07810118,454.5134604,107.349337,309.9608112,1,2
41.02222753,80.80315091,857.3302274,104.6654593,488.2001395,1,4
45.48840926,40.23608852,449.9521734,45.38447976,657.5050454,1,1
41.88211044,29.41390047,737.4424569,78.7341262,842.1082307,1,4
12.66442966,21.18609242,455.8179061,101.4721073,469.1274177,1,3
16.08125089,46.04128862,899.3980306,64.59030666,698.0151978,1,2
39.79325135,24.35888839,311.4233454,92.69064724,257.0177636,1,4
31.10167349,77.10421924,815.901004,31.33079564,132.835505,1,3
16.4943081,44.63582397,897.9083201,43.04927949,138.3529584,1,3
17.21522218,46.67251227,375.7688804,49.14704462,392.7078201,1,1
31.61290154,49.4255522,280.5392875,63.18543,330.7786153,0,0
35.60230733,30.05262387,429.6371959,58.16686531,12.68497182,1,2
38.58366007,70.64463075,621.7841982,97.99188772,434.5063691,1,4
44.8266436,44.84340874,529.0689266,117.46788,85.77250613,1,3
47.52448069,83.28870496,554.3903521,39.26735694,306.9813697,1,2
38.29417558,28.35115297,517.5024765,90.00759903,379.3070006,1,3
42.59456423,24.42601595,380.6361989,90.83116836,452.3226731,1,3
28.65557337,55.39196265,563.6718892,60.83656873,784.6125901,0,0
11.22126712,53.93834157,260.7741835,75.44574818,617.043912,1,1
13.57584418,40.53381257,796.589019,52.61805313,999.6062104,1,3
14.32662647,42.20143179,239.337606,32.92588932,845.9869008,1,2
35.23249335,81.33585582,775.5913978,103.3716327,869.5792379,1,4
23.91488529,39.3467393,203.1286181,107.699389,979.0640526,1,2
29.92081757,37.08116232,501.1897754,75.70711593,707.3415973,0,0
10.17231197,22.0756199,591.9272316,74.04761747,893.8693591,1,3
12.469745,66.03687358,708.4402406,100.8759792,904.572952,1,4
17.64152447,24.11994303,418.0445442,84.94473563,344.0291952,1,3
36.82961932,30.86736612,404.842793,113.2048491,122.8590821,1,3
38.23695913,47.42710771,859.4270863,31.09050275,498.0523981,1,2
43.1304201,46.57134689,377.8087081,36.08708836,527.5647394,1,1
43.48683197,77.32748547,873.2186529,111.8741239,736.1880858,1,4
45.74099135,70.96403617,236.1752436,38.7458166,519.5467,1,2
12.55903017,35.9407328,937.7122394,68.90982858,879.6976952,1,3
15.01352058,76.01676069,244.0361017,91.00992649,979.9437906,1,4
32.7480651,51.92399617,777.7335501,92.99946618,435.7320409,1,2
21.443267,75.68544195,279.8995674,39.92003567,122.385471,1,2
19.82320941,30.84933438,561.6931984,32.88363621,715.7641176,1,1
26.38518031,29.47675339,907.0153688,94.45676366,630.7887179,1,3
15.80526022,21.65010881,476.4136723,97.56042478,353.831218,1,3
42.36382405,51.82512931,589.2332167,90.59713732,835.5829894,1,3
26.93395727,84.29579328,716.9042183,86.9318934,984.7272844,1,4
18.16039197,29.8451724,419.7151488,119.698461,362.2531351,1,3
47.9347303,82.96278366,738.7714632,35.74384208,579.5315058,1,3
34.72698293,70.47902115,422.1680699,74.56031795,233.1059665,1,2
35.10994984,28.19843847,474.5261803,111.1068457,27.29589446,1,4
26.84264228,87.72597513,668.3650008,102.8346507,969.2479342,1,4
34.23377108,21.56400122,515.5161197,42.66917874,321.2044684,1,1
34.55309645,58.92748448,438.4437571,80.36139469,307.4987065,1,1
30.89178972,73.10712422,307.3113333,43.63293261,989.0934298,1,2
37.46384959,39.04158505,749.1959168,110.461076,410.6271016,1,3
22.62094238,63.94270673,808.2725199,58.76612318,342.3953798,1,1
20.8611637,43.38357268,613.7011008,99.39456532,169.3186566,1,3
24.15803693,68.70323393,868.7149685,96.06060335,192.0275527,1,3
35.72349859,45.05189186,842.5180381,66.81758733,574.3790043,1,2
36.27374991,74.64555186,677.4294872,91.77104928,172.1003142,1,4
28.52675785,49.17085794,769.9190488,36.79217781,553.9385193,1,1
49.86484148,29.70067732,799.9983572,45.9202064,407.1353418,1,3
47.57114097,44.83895932,677.7554889,44.27584765,978.6932485,1,3
10.60796467,43.02598343,581.1356358,64.45067624,501.1003034,1,1
36.66923056,74.42841032,698.1001696,66.47373426,698.439082,1,3
43.52541573,67.74808848,412.5496381,44.23979037,998.7509452,1,2
18.06836694,89.04022675,778.7115417,97.5685298,15.33116627,1,4
49.22588627,84.86679426,379.3457878,82.78754512,717.3163924,1,3
23.8789002,75.34626755,996.3596554,106.3598669,786.5323238,1,3
23.26140962,53.55752752,221.1586894,119.4013055,943.4533481,1,2
27.0791275,40.63506577,780.8134716,58.78275365,529.5638915,1,1
29.53098151,55.96954764,864.486397,76.30597131,728.2564677,1,1
34.91278135,63.23952452,898.2102045,98.65917139,321.9947984,1,2
30.06194119,22.12259621,511.9750224,96.01248773,201.7736451,1,3
26.56521846,55.93714933,370.90226,102.9850334,60.45508852,1,2
44.8131529,30.2977126,270.8111765,91.65027346,121.9143522,1,3
28.35915205,46.36674657,470.8852226,31.88858874,441.8604807,0,0
34.54872034,28.5524333,966.8580405,71.20121653,472.9866773,1,2
20.58508358,69.28498934,966.0163286,64.09972786,506.5055017,1,1
28.19160186,23.80007189,929.3627814,103.4266962,606.1623679,1,3
28.64335052,77.87720905,593.3775358,106.5760994,225.5628318,1,3
48.03617324,52.25907073,342.5617409,78.78693717,522.4615314,1,1
22.40328834,53.22023031,667.6639829,74.92232689,912.3519454,1,2
34.79382807,52.5283502,625.6843913,85.75838032,465.4691501,1,2
13.47451254,52.01017984,502.2419488,113.4327459,163.2907143,1,3
39.85136849,48.39551248,590.9498159,108.2508384,927.9621973,1,3
22.06064655,68.96249614,255.3462124,62.91734682,327.3392373,0,0
34.30202713,34.44880033,754.731566,60.5380662,356.9385664,1,1
16.58684879,21.30096696,899.6641576,102.9135193,536.7144277,1,4
17.85633241,27.46764419,326.6616376,83.20913058,249.4423116,1,4
29.6701549,83.96393742,441.3474351,35.76784627,10.50221375,1,2
17.89201451,31.26935792,923.9793885,52.92023786,116.453139,1,3
17.33492906,89.47605562,991.8485965,92.99451752,183.7144335,1,4
16.97252792,49.55162743,905.0871528,110.5733081,867.297474,1,4
31.29517687,39.58093086,631.4198904,92.15080339,289.019937,1,3
11.64412384,76.48589654,677.5272724,34.32718578,800.2122336,1,4
12.70557671,23.62884702,399.6286114,83.53859892,92.58338136,1,4
14.24934011,83.3539496,479.5378713,32.41805881,506.9783518,1,2
24.1555247,46.19680709,459.6105944,73.18187029,271.9543859,1,1
14.5605015,80.31754497,575.7330539,96.60530958,128.8630149,1,4
40.51696833,22.76273471,952.7998429,103.3047978,25.80919896,1,4
11.40419208,67.23150062,303.7439281,34.65738551,693.0984074,1,1
21.30564837,70.07068204,900.7420709,71.90301446,715.6563031,1,2
10.38388586,24.53898687,726.7865594,81.37664171,152.0417123,1,4
27.52052069,77.35731297,551.0095595,101.2694409,273.1418946,1,3
39.14712188,83.29497592,876.6173465,40.83733303,427.2464938,1,3
30.06144326,21.95534012,815.4640815,115.5606994,766.2607989,1,3
32.93736414,41.76067219,437.7523798,103.7436916,913.4325231,1,2
49.68854214,48.46677318,493.4672467,35.41761897,975.3440222,1,2
31.31086436,56.27677575,280.3678496,55.76098925,573.6147683,0,0
44.13829764,51.60864187,671.3866233,73.71775117,413.8189912,1,2
46.78041548,49.69813544,402.4021554,66.65119373,351.8649322,1,1
37.4654982,66.54378552,613.0065627,48.84162747,502.390076,1,2
28.24804738,50.50636087,726.7940168,60.35567968,454.9262914,1,1
28.9603009,51.91355974,863.2479709,72.53549559,184.5263798,1,2
14.36962817,50.49009417,452.9459835,73.04045062,21.16423931,1,2
11.72680483,20.58658042,926.7539127,44.24374524,509.4081461,1,3
36.86109434,78.67904371,663.6565537,95.90828198,405.7452266,1,4
19.82567686,84.29447059,489.8896322,108.8496563,723.8497874,1,3
38.7116859,86.7134684,516.7128737,37.54612108,163.9478426,1,3
30.52357729,61.51711602,824.6250092,111.4211533,278.1695011,1,3
37.18381866,34.58881041,691.0504305,109.6694317,323.9527722,1,3
31.92299824,58.2601202,509.8292394,44.94182427,161.6827657,1,1
32.46589794,30.49755308,279.1134634,95.10579808,116.9987411,1,2
39.91701125,84.09421628,534.7936087,34.51793271,85.79552226,1,3
20.73322203,28.53141083,604.8241783,115.4548463,689.5077021,1,3
32.5502704,46.14430807,698.1727936,99.07363349,67.01064218,1,3
17.09108343,21.82315376,330.4113294,30.78513175,945.1550254,1,3
36.00059217,73.40332399,396.5700531,76.87674705,730.2265058,1,2
47.34206334,56.37932128,353.728569,73.75059206,452.3131171,1,1
12.73783284,60.55251657,291.0657037,115.3992811,543.4605146,1,2
30.86263017,72.54983237,444.3058397,113.3291899,281.2618222,1,3
26.61738973,49.42730706,419.2863183,76.7691703,553.0207446,0,0
17.88077522,67.53581556,461.2146101,33.97098884,308.2414902,1,1
20.32099913,54.03479918,315.6802439,87.81980435,25.44716094,1,2
16.98954388,85.53041354,624.9079816,52.06855263,436.3061389,1,3
17.69785686,73.17659917,662.8820789,58.9357626,0.301931886,1,4
30.35161061,54.52575402,555.4424628,96.45187246,868.9231635,1,2
35.66842435,62.23189901,417.3766693,59.36057782,27.34874117,1,2
41.7766269,63.23595526,898.7092156,86.37902756,130.728607,1,4
44.97319775,61.9831129,952.7534155,98.9144628,453.5878389,1,3
18.6850234,79.96698947,681.9823419,60.26335162,850.5203076,1,4
20.38073978,39.65821047,724.0344815,58.40789848,644.3765791,1,1
12.08709701,29.40920105,369.293804,36.284266,49.8673162,1,3
26.14070877,84.71918597,237.1571143,35.51401922,959.1560526,1,2
26.25849461,51.67754437,917.6347885,39.91422834,783.8172719,1,1
39.60681789,74.73415803,519.0667406,72.10970462,369.0155764,1,2
19.17640268,48.97008454,827.8526927,105.1649762,282.4530461,1,4
48.71091652,59.58677592,533.4361526,104.7553887,317.7633345,1,2
31.57664166,68.27703676,240.2749064,43.02980154,185.1407907,1,1
26.07897189,34.4834382,814.8898097,51.32104517,892.6441911,1,2
22.12622333,77.3744372,654.8240911,68.40522102,610.3323469,1,2
48.53714264,86.54842811,776.6414047,100.9946943,885.1539027,1,4
37.80900469,32.21503638,670.1722876,51.37987641,720.4260708,1,2
44.90680689,32.61525852,808.9076974,94.82995969,114.9679596,1,4
21.52330054,78.7489329,213.7372744,97.84396581,103.015141,1,3
17.05159389,49.6664086,917.1481542,30.82568871,13.48309938,1,3
47.33671699,55.62495629,442.7434896,106.1846256,282.9093076,1,3
42.65198634,36.70491877,422.581707,84.4707144,613.2969586,1,2
21.53790034,52.69238924,943.7805681,107.8385634,805.3177447,1,3
33.55010277,37.55607777,332.353969,94.03564317,792.7328638,1,1
10.78594013,28.09965829,466.9302924,32.45370334,621.6829849,1,2
38.23782209,62.6662244,834.7394617,39.28194374,645.3536982,1,2
33.21694105,88.48561903,619.0880673,61.9879428,803.4719441,1,3
30.40974,40.59858865,624.5148642,87.6016506,368.1225173,1,2
49.4117029,87.94475841,879.4506045,43.92979209,530.9620644,1,3
38.32493828,52.70772745,538.6320727,33.68936891,449.4986105,1,1
32.24140516,62.70828697,864.5101894,119.1160246,185.7542044,1,3
42.25255185,84.95299624,217.3692728,76.28321977,640.6237361,1,2
36.77578822,65.44589026,950.1270619,102.709342,509.6012703,1,3
38.86754016,54.09059223,690.5155875,81.85085621,311.3697612,1,3
40.74378709,39.97147553,608.6952254,50.10940945,130.869032,1,3
25.17537963,28.12206371,625.1549802,89.34839514,539.1178233,1,3
43.25587477,49.11465464,380.2502651,65.82088982,291.218334,1,2
21.51947437,86.60268381,378.1825485,98.87244823,374.7418817,1,2
40.88004599,66.57586999,827.3208191,100.2471929,97.96986843,1,4
34.72973055,31.17305183,782.2794883,115.677237,481.3209959,1,2
19.15328886,47.76074799,805.9969169,70.35185226,670.6602655,1,2
22.90572026,20.77990816,514.1796976,37.12221045,593.2032399,1,1
28.74289076,37.03896595,486.3113761,91.21196819,180.0518369,1,2
35.5815333,61.68110257,677.8173091,72.76914011,917.424888,1,3
33.62992773,85.62193423,354.440545,80.22010062,2.348523349,1,3
13.03089222,30.03892599,901.049598,106.8182575,662.123272,1,3
42.73616384,49.24679218,317.9415172,47.87255738,812.1028296,1,2
38.92456255,72.50507166,428.9061988,76.52945985,351.8588711,1,2
48.05442743,50.37264373,472.4548332,102.1161749,588.3170969,1,2
41.80131488,37.1263428,298.9310244,69.24069715,798.2230763,1,1
28.5984166,31.48970311,804.9391813,100.3714334,654.974978,1,2
37.2956258,55.64803136,703.0550464,78.55571687,931.9257099,1,3
47.51473993,37.57046131,731.7705436,105.9880904,670.2537461,1,3
42.83651648,68.92901729,717.709339,35.30634771,123.2007146,1,3
34.92037647,46.30241279,609.818862,64.20419772,832.6428681,1,2
13.93337273,71.22733946,388.9458658,67.9920633,649.2455699,1,2
26.97640472,58.64597962,566.6222012,118.0399533,364.0802205,1,1
43.02862568,39.96375647,674.2758254,89.3031018,707.9800534,1,3
10.39314365,87.82481561,873.6431811,108.6123979,82.20299721,1,4
47.60387696,36.32186862,666.0996243,85.70416841,121.4796046,1,4
18.99510808,72.69528134,821.6244476,112.933161,276.8562941,1,4
33.37531076,81.9623931,210.3160662,41.97060413,664.8586958,1,1
34.44889383,47.46513929,942.8992131,33.25821267,156.9903498,1,2
42.59612674,60.63447976,635.6836076,51.59775504,459.1659291,1,2
43.59572133,54.91572657,916.3282648,55.85651593,883.0524659,1,3
33.92719926,50.84815132,603.174223,54.96870757,309.1256426,1,1
34.1425511,85.78331991,662.9974259,77.98566635,148.2860535,1,3
27.73552512,54.61360513,811.0180345,42.06371454,162.2178914,1,2
39.45081522,47.54612816,514.5001251,96.32198493,716.6773469,1,2
30.23163901,21.44754762,447.6975923,53.00601276,215.3983597,1,2
16.34800373,74.09126145,782.9347531,78.54503117,129.0881776,1,4
41.23193906,26.89283125,560.022875,60.73215517,987.5810832,1,3
49.51006791,88.55795094,811.3382818,70.50945625,861.3386919,1,4
14.18292648,40.51613225,223.7195086,55.24024712,359.2861986,1,1
40.62263825,62.01595228,930.3377135,40.21892559,921.209593,1,3
11.97888634,86.13910033,262.3249295,67.48543843,972.4075138,1,3
20.89587159,65.5724228,342.3384118,49.17368343,330.6093168,0,0
19.34037693,57.11985365,697.2900594,34.43098494,21.54196448,1,3
45.00327177,57.53157686,395.5939125,110.0167857,328.2961298,1,2
11.07233555,35.66228681,222.1829118,31.41719828,682.6299866,1,1
29.62218566,41.50102819,922.0021528,114.2900555,547.3644777,1,2
40.46353042,23.96099709,982.7648377,30.03337272,318.285605,1,3
23.65828613,25.67838525,779.9550725,41.65701503,34.47902586,1,3
22.74760094,57.51308337,483.177445,97.61212741,913.9171455,1,2
10.19529731,41.90835423,640.629863,41.54783823,424.0903276,1,2
22.99620552,35.04005448,707.8320077,51.35233027,81.85355455,1,2
15.61204067,68.96380679,320.3681025,78.00836434,182.5513674,1,2
47.5342745,86.94646742,567.4216685,99.06065657,498.3723212,1,3
44.09288531,58.67655337,224.3080478,91.53165569,949.3801162,1,3
35.91961483,68.31370425,435.6298412,87.44710434,597.7234211,1,2
30.23266567,56.83956797,677.1306499,119.9738021,994.1842291,1,3
33.64012564,54.78461918,774.4068578,100.6712991,662.5974551,1,2
26.700939,55.97530312,431.0487624,105.4301785,794.0320393,1,1
20.37918421,43.14424677,994.5269882,80.4150112,867.4906661,1,3
35.86499534,49.97922352,376.4698691,60.56770814,573.186148,1,1
26.16356586,67.95650242,404.7171421,54.82242924,495.8032061,0,0
10.81490412,73.71411847,871.4401805,68.71962178,787.5595605,1,3
42.91833766,46.11047975,389.1232039,88.59072693,366.2836013,1,2
10.88379669,50.45779164,738.2827529,68.0625275,976.8538981,1,3
18.23443591,22.0501571,692.1589778,67.47802468,81.4874175,1,4
39.3172975,48.32933635,958.9305785,30.10110187,219.6737381,1,3
13.85609908,47.71853566,819.9889609,98.88613332,628.4558947,1,3
36.16286613,31.8686178,761.4796804,103.3871106,792.4885729,1,3
43.71380131,85.5133457,355.736592,116.037165,464.3761361,1,3
32.62636107,30.69966272,484.3092156,59.23979636,112.3930763,1,1
35.3383854,46.29546898,368.9418551,49.73647066,170.6679862,1,2
36.91297057,33.33330314,625.8099627,30.31915935,442.9637935,1,2
41.66962738,70.80660925,922.1011663,76.07104195,18.78637724,1,4
25.24945845,83.34358302,644.812485,45.25723942,464.7713485,1,2
17.29532737,23.60950498,786.1185743,44.52527973,632.5455066,1,3
43.61871119,52.03877719,349.6684381,100.2136098,130.46811,1,3
49.03475499,30.06434165,493.7376308,100.2080202,786.3341476,1,2
14.19687667,72.61028224,599.270962,90.56761366,569.842085,1,3
16.41235896,68.69571455,312.6975015,99.27218559,894.3227017,1,3
47.63709223,63.80730642,343.9564415,69.78771744,925.3092439,1,2
31.8940456,71.14804533,620.8456499,33.75431429,107.0089029,1,3
20.75883648,54.76046983,947.0987974,105.4095028,954.5194525,1,3
22.10608269,71.84983969,640.2351823,58.26098232,925.9315262,1,3
15.71215668,62.09426223,613.6700809,79.62273311,855.7674175,1,3
32.06236663,26.73453583,679.6901192,102.6599924,395.2121579,1,3
14.15305406,61.54609854,913.4518905,33.17012607,354.6853585,1,2
32.11740977,85.19955798,878.2348728,103.9907504,584.6276936,1,3
25.45061344,55.24725798,471.7073144,85.92184042,438.5358574,1,1
22.01366221,46.1097976,374.1055305,75.22471241,155.3476764,1,1
25.03287909,68.5178756,754.0659251,90.08848847,466.9647646,1,2
47.89188914,70.39811859,486.3774372,33.31454286,667.127559,1,2
11.32214752,55.2990295,349.7086468,96.54844538,503.8006126,1,2
26.25627544,64.24851057,998.1085269,53.49610597,381.0782834,1,1
33.15609662,48.55547118,446.664627,37.47744835,512.9867321,0,0
49.67180674,38.66860448,869.1065611,112.2809138,448.4764978,1,3
48.45380947,63.05069591,478.5283233,78.33823419,842.413971,1,2
36.73339607,54.38411021,849.2457402,114.7258038,579.6411355,1,3
27.42346579,55.79418157,354.9632369,42.48044344,243.6082958,1,1
19.99511853,70.94566912,901.2854424,38.86191969,959.1900204,1,4
38.5590188,65.31591369,437.0089459,77.5311908,528.5594465,1,1
33.34223459,29.90558978,721.8461355,33.72972056,767.3849582,1,2
45.22109989,47.46965886,904.1993842,56.38085961,612.2382443,1,2
27.13679873,60.41707414,925.0967999,75.66046425,56.00997206,1,2
18.24820907,21.00412888,898.402845,64.91777586,76.30579647,1,4
44.70136547,54.99245796,284.1961572,69.08889725,226.9552708,1,2
39.20612041,85.42086684,901.7100031,48.13114673,75.30292121,1,4
32.55520735,55.86886801,792.6362048,89.53543065,441.0829172,1,2
34.47404307,66.88167531,541.4216014,42.23388887,544.3385467,0,0
16.14566094,83.80230701,598.5206318,35.05069625,321.4194689,1,2
24.98585597,78.1697335,658.5297376,114.1045381,396.4634775,1,3
27.86109656,85.19863756,903.7235522,59.73612438,32.60579826,1,3
29.56358174,84.29109477,367.8553447,72.17811345,264.2351191,1,2
21.91841719,45.58523816,869.3511575,86.30110673,313.4500863,1,2
16.39548129,42.71775254,536.1354242,88.17421184,708.2967972,1,2
49.97743619,83.94454319,582.4820534,89.05184087,680.8089181,1,3
17.10475323,38.22265564,677.4515577,55.10630591,555.8817474,1,2
32.268919,44.49638505,508.3926205,98.25434301,865.36599,1,2
46.1625044,52.4207674,358.6299482,107.5516814,787.422987,1,2
19.53688911,89.16267878,965.8598752,40.60691756,922.5029341,1,4
30.76302098,71.63563796,842.0170286,47.86781171,248.6010356,1,3
36.71571015,87.0356583,960.8313402,36.48319433,54.16320618,1,4
46.58537426,37.96947268,359.5148635,100.6492529,417.9470627,1,2
37.61028275,64.51285098,671.8095436,86.10533188,525.6762869,1,3
29.29883308,45.6692863,883.8159131,40.69109598,195.9451578,1,2
43.70285579,34.29840634,334.2665806,52.18932919,204.1651679,1,2
45.43467063,20.1885775,648.4058301,75.93308937,399.4954044,1,3
12.7540902,66.19902616,423.4528535,92.05623593,288.1524607,1,3
49.07311619,70.40623261,355.0372108,83.33625453,105.3577313,1,4
45.94206368,85.48161626,953.6296131,65.86637189,227.7505829,1,4
13.79317583,59.92768973,761.3420412,32.37144762,26.28163673,1,3
15.63848019,64.18216886,653.7539971,115.9162755,317.9635894,1,3
14.96936835,86.23679455,602.0181588,81.78809192,766.1892374,1,4
47.01032165,72.56972745,423.7581438,86.66202796,938.9402186,1,4
40.04866355,63.51806084,921.1906352,30.07198833,170.4620547,1,3
23.73929062,32.1376107,406.4996983,57.40018472,368.1851807,0,0
27.18477224,26.13859172,439.6737531,77.94564682,333.2282128,1,1
21.50841328,76.12396016,366.9596742,80.72170267,395.2984218,1,2
26.61480371,77.2545939,371.7595173,84.4656714,946.1732532,1,3
26.81694921,59.4508117,252.879256,58.91607527,884.5639995,1,1
24.33698452,61.19017778,693.7451333,101.305887,364.5224289,1,2
33.66197083,26.05190987,402.0314827,73.31842198,537.9748202,1,1
47.16867502,82.67715939,852.6532629,56.23404653,33.63999556,1,4
21.04005987,30.32905384,380.4272058,66.90535157,650.0702533,0,0
24.67227326,37.71980108,270.5586601,100.9077703,240.2070465,1,2
33.45041597,58.72669753,804.7789777,80.42097024,377.2134447,1,2
14.13738231,86.33776912,405.3631739,35.38481336,671.2383742,1,2
13.10941708,50.47121802,705.3665187,117.5166039,831.3796404,1,4
33.45059378,21.61051994,493.3007504,43.87365214,968.8153081,1,2
42.48744806,47.00764387,523.0269834,50.78685116,690.7181232,1,1
41.21870327,79.34420213,576.8966216,64.4713416,542.6991541,1,2
36.41897398,79.89922721,645.1810389,100.0343383,182.5239801,1,4
11.79713164,75.40321151,583.3446591,81.73059699,528.2870112,1,3
49.85892022,51.16754678,446.1572714,81.077785,7.068931025,1,3
45.76507188,89.68079438,464.498879,32.84660844,329.648335,1,2
17.64761402,59.57717449,643.0434258,46.21517444,343.4926387,1,2
32.20931292,80.23234325,932.1474055,52.14736526,179.3832434,1,3
13.64586225,71.45255126,482.1003264,79.78615788,670.198171,1,2
20.76452643,79.86345374,536.0691306,57.79110473,780.2769218,1,1
43.57249474,67.02920941,376.7257973,63.2153351,688.3441406,1,1
19.19672105,79.00554288,261.3248481,97.36247669,938.9880826,1,4
32.10686556,22.32320869,219.9018241,74.78994915,241.4968425,1,2
33.29985327,46.63690175,721.6773712,86.46883476,189.8514935,1,3
21.03480597,35.24133342,235.5683918,113.4240824,985.5434203,1,2
25.72864569,80.58175405,498.7351341,46.96183115,417.4883863,1,1
19.82420268,75.66820867,535.3408059,77.07833449,423.5169492,1,2
33.80336053,44.59614113,443.9293508,72.49675087,714.62076,0,0
18.13814127,64.2819302,318.4789591,80.76219317,606.462766,1,2
29.49987853,20.02083727,434.5220796,91.88229133,761.5544372,1,2
46.5740794,41.85787336,498.8669445,36.97403362,402.5814116,1,1
44.74437813,40.96068898,982.5700317,110.8909428,367.100322,1,3
40.29841363,70.23462936,376.2625347,110.1658459,276.9251574,1,4
14.18585761,56.2543003,264.3158031,65.06854709,506.2214312,1,1
38.78381382,89.19280006,739.9606757,38.50672545,87.26850474,1,4
10.21485867,23.73972839,996.5038244,82.76513724,513.9321562,1,4
24.63906534,73.7641638,939.1952445,119.4701067,742.9004232,1,3
30.19832187,72.80699668,222.7857947,105.9536593,100.9018727,1,3
21.9836901,39.00486297,634.2034485,84.41806146,923.5137337,1,3
44.92942659,26.58870756,798.8911571,58.38952294,123.4827361,1,4
11.40471001,89.01698798,685.2144884,36.63016766,276.7489838,1,4
34.15806309,71.54275384,985.5247126,67.87781324,398.2157774,1,2
35.5620094,57.3966537,314.8790461,110.038133,747.1615648,1,2
38.30619581,34.04636388,784.1231551,61.217168,345.4399701,1,2
21.19652709,77.00724541,522.1869404,77.07037241,149.460211,1,2
43.72274879,32.63633358,863.8058899,59.9363942,408.4886027,1,2
23.35705277,49.1383526,340.3968521,115.9405417,980.4882171,1,2
13.91347777,41.18812915,393.3938402,117.8133357,183.646263,1,3
13.29736491,64.96985478,526.7969878,63.79749099,857.5963722,1,2
34.95505953,77.11856347,643.8837879,41.06013572,504.0707526,1,2
11.30997168,32.00337217,955.6625072,55.39893803,406.3083924,1,2
22.24995803,58.42218946,502.9414387,34.54749816,28.5252442,1,1
22.33728668,56.95028864,217.8343151,32.39067653,891.9962375,1,1
38.91791521,77.14160057,839.0295023,86.16330022,574.8583748,1,4
13.18298605,36.88982325,967.5101409,38.94216018,718.5941617,1,2
39.63685818,22.20744647,608.6540815,62.77931521,0.118072871,1,4
19.04234777,74.79125054,818.6820555,65.94066634,837.6742653,1,4
34.65583082,40.41557107,640.6208304,56.840607,512.8895761,1,1
12.71196186,62.50057692,601.5283464,86.98711287,970.7346705,1,4
31.03086673,54.40509033,554.4035232,44.75699179,904.7539768,1,1
26.87386805,89.80130848,623.8316612,94.6925749,583.4680757,1,3
49.8302069,49.64970601,515.9460377,112.6965797,354.2148659,1,2
44.29585467,76.72200645,205.3516043,65.83608156,30.82197015,1,3
10.36027589,85.80989457,277.4041313,46.61159641,978.8048135,1,3
10.28684435,23.44462421,997.6228247,83.10782616,828.4912997,1,4
45.39814556,81.95267644,411.4421691,34.32367855,748.031503,1,2
16.04456685,20.3513196,361.8947688,61.3668491,253.2344624,1,3
28.37041018,80.29728298,748.487744,115.8323276,739.2846173,1,3
20.29579187,35.53034655,370.1054278,68.48887249,449.045229,0,0
17.39124092,38.57044287,533.722935,74.98759941,409.8611223,1,1
25.45352564,45.86314308,747.5298892,47.65472122,135.3243771,1,2
29.31468109,30.69488323,482.0160277,70.66804878,307.7710906,0,0
42.33705545,71.84501047,866.747567,103.32415,186.3532557,1,4
21.25252711,56.76456012,718.1955613,61.21525991,701.8635086,1,1
12.12809289,79.58948958,418.806816,78.04983225,724.8741974,1,2
26.05636011,61.7991228,884.9859096,46.69380919,799.4018797,1,1
45.84232013,84.27406595,233.8451836,101.1545445,654.5085355,1,3
16.14098037,34.69366492,391.5969554,37.5279894,407.4960893,1,1
30.1626953,25.14364586,664.1086133,106.6677773,442.2244624,1,3
12.48060142,22.38754314,346.1422212,71.36408733,231.8676648,1,3
28.92965274,29.16327398,641.437579,59.52871315,452.7548528,1,2
15.34365478,42.08369167,856.7334546,39.36879204,598.3994159,1,2
45.59308452,69.16926187,891.5949304,118.4421974,971.3563488,1,4
44.19992407,65.19881869,494.8997066,78.23793612,207.9524748,1,2
48.07752252,20.5612767,967.6363114,43.66102843,375.2217222,1,3
44.55554374,21.66242612,650.2667503,104.9708122,902.441434,1,4
21.97507862,62.99521839,488.1943814,36.19509084,721.8912583,0,0
45.53506433,46.04171839,734.9282248,54.04716946,289.3193862,1,3
34.29933623,58.92470977,636.1693221,104.4017203,348.216048,1,2
36.8593497,38.15736453,392.9766771,93.96188333,713.6153093,1,2
27.12748176,66.18746329,282.6284561,59.7629558,132.8381202,1,1
25.32140759,85.95373432,476.042105,30.14918283,869.7348822,1,2
23.37475617,30.31675797,684.4388192,112.3228883,808.9455142,1,3
12.8830932,52.89331553,584.3564546,70.67173036,72.77458744,1,2
35.05417723,27.40452076,747.7208996,52.34123855,293.8406078,1,4
24.44773812,64.58373114,964.0453657,100.9938343,82.30052904,1,3
